Member ID,Member Name,Age,Address,Phone Number
1,James Smith,30,123 Main St.,5551234567
2,Sam Alderson,25,456 Elm Ave.,5559876543
3,John Samuel,28,789 Oak Rd.,5552461357
4,Michael Joseph,32,101 Pine St.,5557893210
5,Emily Anderson,29,555 Cedar Ln.,5551112222
6,Daniel Johnson,27,777 Maple Dr.,5553334444
7,Sophia Brown,24,888 Birch Ave.,5555555555
8,Liam Davis,31,999 Willow Rd.,5556667777
9,Olivia Wilson,26,222 Oakwood St.,5554448888
10,Noah Miller,30,333 Pine Ave.,5559999999
11,Ava Martinez,27,444 Elm Rd.,5558881111
12,Ethan Lee,29,666 Cedar Ln.,5552223333
13,Isabella Thomas,28,777 Maple Dr.,5553334444
14,Mason Robinson,25,888 Birch Ave.,5555555555
15,Sophia Hernandez,26,999 Willow Rd.,5556667777
16,William Hall,30,222 Oakwood St.,5554448888
17,Amelia Young,31,333 Pine Ave.,5559998888
18,Oliver King,24,444 Elm Rd.,5558881111
19,Harper White,27,666 Cedar Ln.,5552223333
20,Benjamin Scott,28,777 Maple Dr.,5553331144
21,Evelyn Green,26,888 Birch Ave.,5555555555
22,Alexander Perez,25,999 Willow Rd.,5556667777
23,Elizabeth Turner,29,222 Oakwood St.,5554448888
24,Daniel Mitchell,30,333 Pine Ave.,5559999991
25,Sofia Carter,24,444 Elm Rd.,5558881111
26,Logan Diaz,31,666 Cedar Ln.,5552223333
27,Chloe Rivera,27,777 Maple Dr.,5553334444
28,Samuel Ward,26,888 Birch Ave.,5555555555
29,Grace Foster,28,999 willow Rd.,5556667777
30,Henry Jenkins,25,222 Oakwood St.,5554448888
